Time,Diameter,Normalized Diameter,Strain,Strain Rate,Viscosity
0.049,1.59321,0.954915699,0.248043251,0.201282522,103.2470931
0.093,1.53756,0.921560988,0.257906628,0.199195764,104.8444888
0.137,1.50083,0.89954628,0.266013003,0.197299571,106.2820298
0.181,1.47347,0.88314763,0.27381733,0.195368267,107.752324
0.225,1.45532,0.872269139,0.281391412,0.193337838,109.2970658
0.269,1.44628,0.866850872,0.288786624,0.191054585,111.0129763
0.313,1.42824,0.856038311,0.295218001,0.188725125,112.7451955
0.357,1.41925,0.850650012,0.301635918,0.186461283,114.4808196
0.401,1.41027,0.845267707,0.308045412,0.181775005,117.8091538
0.445,1.40132,0.839903382,0.327585728,0.180945508,119.5111768
0.489,1.40132,0.839903382,0.343395962,0.179700739,121.2940829
0.533,1.39238,0.834545051,0.356234857,0.178146207,123.1404762
0.577,1.38346,0.829198708,0.367585837,0.176580023,124.9397613
0.621,1.37456,0.823864352,0.377455352,0.174936403,126.7375152
0.665,1.37456,0.823864352,0.386600288,0.173226923,128.5747788
0.709,1.36568,0.818541983,0.394994121,0.171466103,130.4414436
0.753,1.35681,0.813225607,0.403406077,0.169732758,132.3289423
0.797,1.35681,0.813225607,0.411075709,0.168026402,134.1863744
0.841,1.34797,0.807927213,0.418759217,0.1663565,136.0550377
0.885,1.34797,0.807927213,0.426472358,0.164730116,137.9292209
0.931,1.33914,0.802634812,0.433432265,0.163135898,139.7626328
0.973,1.33914,0.802634812,0.439632708,0.161617634,141.513632
1.017,1.33914,0.802634812,0.446609552,0.160197809,143.2667638
1.061,1.33033,0.797354399,0.45361082,0.158861144,144.9788479
1.105,1.32154,0.792085973,0.459848501,0.157582774,146.6115161
1.149,1.32154,0.792085973,0.465316247,0.156313274,148.2068478
1.185,1.31277,0.786829534,0.47157721,0.154792071,150.1325883
1.226,1.31277,0.786829534,0.477066419,0.151543116,153.7727689
1.27,1.31277,0.786829534,0.482570734,0.148194411,157.6808929
1.314,1.31277,0.786829534,0.486511298,0.144742978,161.7592313
1.358,1.29528,0.776346625,0.492029982,0.141328458,166.1251258
1.402,1.29528,0.776346625,0.497563935,0.137832838,170.8102497
1.439,1.29528,0.776346625,0.502314491,0.134149757,175.9172019
1.479,1.29528,0.776346625,0.507066363,0.133312773,177.4427625
1.523,1.28656,0.771120155,0.511829553,0.129654738,182.8841106
1.567,1.28656,0.771120155,0.515803606,0.125857261,188.7769853
1.611,1.28656,0.771120155,0.519785572,0.12274177,193.9543888
1.655,1.29528,0.776346625,0.525362124,0.120211323,198.5900793
1.699,1.27786,0.765905672,0.530159947,0.117926913,202.9232598
1.743,1.27786,0.765905672,0.53415405,0.115822016,207.024122
1.787,1.27786,0.765905672,0.538156145,0.113875254,210.9850846
1.831,1.26918,0.760703176,0.542166264,0.112139922,214.6800323
1.875,1.26918,0.760703176,0.546984225,0.1105021,218.3873983
1.919,1.26918,0.760703176,0.551003743,0.108885762,222.0750869
1.963,1.26918,0.760703176,0.555031356,0.107388486,225.6253024
2.007,1.25187,0.750328153,0.559870184,0.106061419,229.001762
2.051,1.26051,0.755506674,0.565536401,0.104871588,232.2570029
2.095,1.25187,0.750328153,0.569584979,0.103605804,235.5709396
2.139,1.25187,0.750328153,0.574448852,0.102459673,238.7860821
2.183,1.25187,0.750328153,0.580132079,0.101429766,241.8970932
2.227,1.24324,0.745155625,0.58501131,0.100442158,244.8722363
2.271,1.24324,0.745155625,0.589091024,0.098832796,249.367814
2.319,1.24324,0.745155625,0.593179077,0.097941051,252.1531685
2.359,1.23463,0.739995085,0.59809028,0.097170178,254.7784245
2.403,1.23463,0.739995085,0.602179636,0.096429868,257.2598812
2.447,1.23463,0.739995085,0.60628501,0.095629552,259.945909
2.491,1.22604,0.734846532,0.610391173,0.09490593,262.4662115
2.535,1.21747,0.729709967,0.615323776,0.094302289,264.7985596
2.582,1.21747,0.729709967,0.620268575,0.093683027,267.2087577
2.623,1.22604,0.734846532,0.624393942,0.093088121,269.471692
2.667,1.22604,0.734846532,0.628527837,0.092540292,271.6277974
2.711,1.21747,0.729709967,0.632670294,0.091950637,273.9364725
2.755,1.20891,0.724579395,0.635986766,0.091326508,276.2662998
2.799,1.21747,0.729709967,0.639308747,0.090800608,278.3283005
2.843,1.20891,0.724579395,0.642636254,0.090374268,280.1069517
2.887,1.20038,0.719466804,0.647616961,0.090030151,281.8786924
2.931,1.20038,0.719466804,0.650114901,0.089582328,283.6418481
2.975,1.20038,0.719466804,0.652615965,0.08909921,285.536674
3.019,1.20038,0.719466804,0.656791042,0.088792422,287.121987
3.063,1.20038,0.719466804,0.660974853,0.088452022,288.8305265
3.107,1.20038,0.719466804,0.664324872,0.087998219,290.8067088
3.151,1.20038,0.719466804,0.666837876,0.087526533,292.7414847
3.195,1.20038,0.719466804,0.671033903,0.087244166,294.3057549
3.239,1.17488,0.704182974,0.674392925,0.086904444,295.9528783
3.283,1.19186,0.714360207,0.677750671,0.086637837,297.3624179
3.323,1.19186,0.714360207,0.680275657,0.08650399,298.19876
3.367,1.18336,0.709265597,0.683643302,0.086444161,298.9080329
3.411,1.18336,0.709265597,0.68785687,0.086410113,299.6564582
3.455,1.18336,0.709265597,0.692079334,0.086482027,300.0400643
3.499,1.18336,0.709265597,0.69546693,0.086571851,300.2368615
3.543,1.17488,0.704182974,0.699705509,0.086689902,300.4641073
3.587,1.17488,0.704182974,0.703953089,0.086801854,300.7145646
3.631,1.16642,0.699112339,0.706494328,0.086834807,300.9826359
3.675,1.17488,0.704182974,0.710746306,0.087032194,300.9391275
3.719,1.16642,0.699112339,0.715007343,0.087308281,300.627307
3.763,1.15797,0.694047698,0.718418883,0.087688627,299.8343586
3.807,1.15797,0.694047698,0.722687206,0.088043832,299.2626972
3.851,1.16642,0.699112339,0.726964659,0.088402899,298.6853044
3.895,1.15797,0.694047698,0.732104216,0.088758132,298.2553538
3.939,1.15797,0.694047698,0.736392707,0.089122696,297.6729149
3.983,1.14955,0.689001037,0.740690413,0.089442136,297.24784
4.027,1.14955,0.689001037,0.744131761,0.089722795,296.8283368
4.071,1.14955,0.689001037,0.7493044,0.09004083,296.5458737
4.115,1.14955,0.689001037,0.752760615,0.090232596,296.4274586
4.159,1.14114,0.68396037,0.755353358,0.090338168,296.4651224
4.203,1.14114,0.68396037,0.758811808,0.090484862,296.4967597
4.247,1.13275,0.67893169,0.763148718,0.090671014,296.5303542
4.291,1.13275,0.67893169,0.766620686,0.090722807,296.8759935
4.335,1.13275,0.67893169,0.770964213,0.090813441,297.224506
4.369,1.13275,0.67893169,0.775308882,0.090811628,297.8768228
4.412,1.12438,0.673914998,0.778794756,0.090679015,298.8328442
4.456,1.13275,0.67893169,0.782286717,0.090427199,300.1886812
4.5,1.13275,0.67893169,0.788392485,0.090247503,301.7060709
4.544,1.12438,0.673914998,0.791893924,0.089988898,303.1032815
4.588,1.12438,0.673914998,0.795401504,0.089880908,304.000139
4.632,1.12438,0.673914998,0.798907887,0.089725215,305.0620109
4.676,1.11603,0.668910293,0.802420427,0.089616624,305.9685531
4.72,1.10769,0.663911582,0.806813991,0.089549295,306.8719937
4.764,1.11603,0.668910293,0.811217227,0.089429888,307.9589913
4.8,1.11603,0.668910293,0.814742995,0.089234242,309.1787581
4.841,1.09108,0.653956114,0.819163742,0.089280008,309.7040748
4.885,1.10769,0.663911582,0.82271207,0.08908367,310.9378199
4.929,1.10769,0.663911582,0.826258177,0.088888908,312.1721118
4.973,1.09937,0.658924858,0.829810584,0.088697787,313.4009349
5.007,1.09937,0.658924858,0.834255168,0.088671644,314.1907837
5.051,1.09108,0.653956114,0.837814316,0.088500058,315.3606494
5.096,1.09108,0.653956114,0.84048435,0.08817961,316.929508
5.139,1.09108,0.653956114,0.844944138,0.088244127,317.4047844
5.183,1.09108,0.653956114,0.849413892,0.088198824,318.2783383
5.218,1.09937,0.658924858,0.851199199,0.088145737,318.754436
5.262,1.09108,0.653956114,0.854781087,0.088184546,319.185287
5.306,1.09108,0.653956114,0.859262069,0.088224113,319.7577507
5.35,1.0828,0.648993365,0.862849755,0.088042869,320.9912891
5.394,1.0828,0.648993365,0.866443888,0.087878107,322.1715583
5.438,1.0828,0.648993365,0.869141556,0.087641584,323.4770428
5.482,1.07453,0.644036609,0.871842867,0.087413767,324.7584258
5.526,1.07453,0.644036609,0.874547831,0.087308423,325.5903292
5.57,1.07453,0.644036609,0.87815541,0.087218931,326.5128339
5.616,1.07453,0.644036609,0.882678166,0.08718807,327.3678736
5.658,1.06629,0.639097834,0.88900086,0.087401972,327.6007176
5.702,1.06629,0.639097834,0.892634628,0.087581269,327.5245865
5.746,1.06629,0.639097834,0.897171509,0.087790557,327.4858247
5.79,1.06629,0.639097834,0.900812422,0.087971307,327.4084459
5.825,1.06629,0.639097834,0.904459974,0.088009491,327.8638018
5.867,1.06629,0.639097834,0.907196127,0.088204694,327.5860733
5.911,1.05807,0.634171047,0.910846456,0.088351831,327.6379754
5.955,1.05807,0.634171047,0.91450346,0.088454642,327.8560969
5.999,1.0335,0.619444628,0.919079114,0.08860057,328.0658073
6.043,1.05807,0.634171047,0.922743387,0.088732226,328.1797608
6.087,1.04167,0.624341447,0.925499084,0.088892893,328.0382791
6.131,1.04986,0.629250253,0.929175148,0.089138383,327.7366861
6.175,1.04986,0.629250253,0.933774409,0.089394027,327.551826
6.219,1.04986,0.629250253,0.93838427,0.089636026,327.4213179
6.263,1.04167,0.624341447,0.943004782,0.090054236,326.6545638
6.307,1.04167,0.624341447,0.947626932,0.090456754,325.9534372
6.351,1.0335,0.619444628,0.95225979,0.090781283,325.5414262
6.395,1.0335,0.619444628,0.953185152,0.090861322,325.4051814
6.439,1.04167,0.624341447,0.956904541,0.091139541,325.0156949
6.483,1.0335,0.619444628,0.960613762,0.091442748,324.5393415
6.529,1.02535,0.614559796,0.964339011,0.091621778,324.5090634
6.571,1.02535,0.614559796,0.968999341,0.091814499,324.5833641
6.615,1.02535,0.614559796,0.972740257,0.091930585,324.7804141
6.659,1.01721,0.609680958,0.977409882,0.092051656,325.1114361
6.703,1.01721,0.609680958,0.982090435,0.092183266,325.4079276
6.739,1.02535,0.614559796,0.985838625,0.092323173,325.524294
6.781,1.02535,0.614559796,0.990528555,0.09255076,325.4861741
6.824,1.0091,0.6048201,0.995239947,0.092783012,325.4371551
6.869,1.01721,0.609680958,0.999952001,0.093042368,325.2954997
6.912,1.0091,0.6048201,1.002784804,0.09323525,325.0826602
6.947,1.01721,0.609680958,1.006563851,0.093248223,325.6521817
6.989,1.001,0.599965237,1.009406041,0.09338223,325.6473055
7.035,1.001,0.599965237,1.012245258,0.09346163,325.8328788
7.077,1.001,0.599965237,1.015088511,0.093493137,326.1864591
7.121,0.99292,0.595122361,1.01983705,0.093636317,326.4618747
7.165,1.001,0.599965237,1.025543389,0.09380158,326.8178417
7.209,0.99292,0.595122361,1.028399728,0.093757067,327.4403094
7.256,1.001,0.599965237,1.033168194,0.093579473,328.844831
7.297,0.99292,0.595122361,1.037938578,0.093568624,329.6683451
7.333,1.001,0.599965237,1.043683803,0.093429199,331.1100981
7.375,0.99292,0.595122361,1.046559046,0.093142995,332.605327
7.418,0.99292,0.595122361,1.050395568,0.092887499,334.1605846
7.462,0.98486,0.590291472,1.053280483,0.092577367,335.763989
7.496,0.97682,0.58547257,1.057121559,0.092453104,336.8616146
7.539,0.98486,0.590291472,1.061938697,0.092182649,338.6646489
7.593,0.97682,0.58547257,1.064834318,0.091793028,340.5948921
7.627,0.96879,0.580659662,1.068706092,0.091431253,342.6051588
7.671,0.96879,0.580659662,1.073539186,0.091136479,344.5448937
7.715,0.97682,0.58547257,1.078396078,0.090787904,346.7086972
7.759,0.96879,0.580659662,1.083252673,0.090373776,349.1442483
7.803,0.97682,0.58547257,1.088121091,0.089953013,351.6323075
7.847,0.96078,0.575858741,1.091048813,0.089451554,354.1215365
7.893,0.96078,0.575858741,1.094944899,0.088977504,356.7024026
7.935,0.96879,0.580659662,1.099830897,0.088608562,359.0637376
7.979,0.96879,0.580659662,1.102768481,0.088214438,361.1980977
8.023,0.9528,0.571075802,1.104726411,0.087878696,362.933186
8.057,0.96078,0.575858741,1.109614289,0.087701491,364.5563724
8.1,0.9528,0.571075802,1.113546745,0.087555711,365.8820604
8.144,0.9528,0.571075802,1.117478318,0.087318136,367.5994616
8.189,0.96078,0.575858741,1.122409858,0.086907869,370.2466152
8.232,0.94483,0.566298856,1.125367202,0.086594293,372.1372138
8.276,0.94483,0.566298856,1.128328926,0.086329275,373.8328077
8.32,0.9528,0.571075802,1.13130125,0.086167737,375.0906574
8.364,0.9528,0.571075802,1.135267914,0.085994147,376.5939972
8.409,0.92894,0.556774932,1.137250466,0.085732575,378.1176267
8.452,0.94483,0.566298856,1.140229852,0.085631274,379.1293012
8.496,0.93687,0.561527903,1.14320744,0.085723693,379.2848182
8.54,0.93687,0.561527903,1.146189467,0.085782729,379.5893474
8.574,0.93687,0.561527903,1.151167325,0.085940584,379.8363292
8.613,0.93687,0.561527903,1.154153718,0.085957657,380.3283679
8.65,0.94483,0.566298856,1.157144578,0.08608244,380.3454081
8.694,0.93687,0.561527903,1.161143981,0.08626716,380.2906968
8.738,0.93687,0.561527903,1.166149139,0.086359745,380.8348712
8.782,0.93687,0.561527903,1.168147381,0.08626062,381.6536288
8.827,0.92894,0.556774932,1.171159256,0.086380382,381.6988706
8.861,0.92894,0.556774932,1.173166315,0.086552926,381.3204233
8.903,0.92103,0.552033948,1.176178146,0.086919235,380.2856492
8.947,0.92103,0.552033948,1.17919452,0.087404688,378.7442965
8.991,0.92103,0.552033948,1.183219193,0.087741018,378.0524948
9.035,0.92103,0.552033948,1.187262196,0.088086354,377.3323757
9.069,0.91313,0.547298958,1.191303154,0.088462654,376.4872031
9.108,0.91313,0.547298958,1.196360089,0.0889031,375.5704193
9.145,0.92103,0.552033948,1.200419489,0.089258624,374.8345245
9.189,0.92103,0.552033948,1.203466238,0.089669544,373.6856374
9.226,0.91313,0.547298958,1.206517636,0.090116202,372.4012144
9.266,0.91313,0.547298958,1.209567241,0.090349179,372.0077353
9.31,0.90525,0.542575955,1.215658422,0.090987499,370.5246752
9.354,0.91313,0.547298958,1.219739056,0.091648769,368.6025413
9.398,0.90525,0.542575955,1.223828033,0.09226501,366.8899703
9.432,0.89739,0.537864939,1.226896355,0.092846916,365.1503029
9.475,0.90525,0.542575955,1.229969391,0.093437229,363.4013223
9.519,0.90525,0.542575955,1.235102941,0.094228586,361.2755036
9.563,0.90525,0.542575955,1.240249702,0.094906856,359.6178221
9.607,0.89739,0.537864939,1.244371677,0.095482033,358.1889734
9.651,0.87392,0.523797822,1.248502164,0.095944231,357.2003912
9.686,0.88955,0.53316591,1.251602011,0.096188026,356.8476993
9.728,0.88955,0.53316591,1.256778243,0.096809118,355.4771233
9.772,0.88955,0.53316591,1.259890955,0.097291599,354.2652017
9.816,0.88955,0.53316591,1.263000562,0.097798171,352.9785774
9.86,0.88172,0.528472876,1.267159113,0.098289229,351.9461108
9.91,0.88172,0.528472876,1.272363829,0.099012434,350.2858152
9.948,0.88172,0.528472876,1.277582124,0.099427559,349.7346375
9.993,0.88172,0.528472876,1.282802018,0.099821793,349.2637768
10.036,0.88172,0.528472876,1.28384549,0.099940095,349.032396
10.08,0.87392,0.523797822,1.288028858,0.100135068,349.0822022
10.124,0.88172,0.528472876,1.291175835,0.100337834,348.9253643
10.168,0.87392,0.523797822,1.296419241,0.100578466,349.004354
10.212,0.87392,0.523797822,1.30167643,0.100794002,349.174684
10.248,0.86613,0.519128762,1.304836847,0.101020679,348.942147
10.289,0.86613,0.519128762,1.309053546,0.101222095,348.9828106
10.333,0.85836,0.514471689,1.313279153,0.101224858,349.7113773
10.377,0.86613,0.519128762,1.318567273,0.101570641,349.4435627
10.421,0.85836,0.514471689,1.323869412,0.101815579,349.5283011
10.467,0.86613,0.519128762,1.328116883,0.102040952,349.4977694
10.51,0.85061,0.509826603,1.333444433,0.102354474,349.3565903
10.553,0.85061,0.509826603,1.338775195,0.10264756,349.2888338
10.597,0.85836,0.514471689,1.345182355,0.10302012,349.1423863
10.641,0.85061,0.509826603,1.349465689,0.103213688,349.2347452
10.685,0.85061,0.509826603,1.353758216,0.103386028,349.4016913
10.729,0.84288,0.505193505,1.356979846,0.103538953,349.4480745
10.773,0.84288,0.505193505,1.362359859,0.103902216,349.1643274
10.817,0.84288,0.505193505,1.366669008,0.103995505,349.6035464
10.861,0.84288,0.505193505,1.372075184,0.104254836,349.6778491
10.905,0.83516,0.500566401,1.375318063,0.104378453,349.8304917
10.949,0.82747,0.495957277,1.37856621,0.10458619,349.7031128
10.993,0.83516,0.500566401,1.383992006,0.104876128,349.6837031
11.037,0.83516,0.500566401,1.389419851,0.105274164,349.308278
11.081,0.83516,0.500566401,1.393777853,0.105676478,348.737521
11.125,0.82747,0.495957277,1.398135442,0.106044849,348.2841162
11.169,0.82747,0.495957277,1.403589057,0.106324314,348.3171782
11.204,0.82747,0.495957277,1.406876357,0.106565896,348.0992357
11.246,0.82747,0.495957277,1.41126261,0.106918018,347.7145572
11.29,0.82747,0.495957277,1.414553975,0.107090511,347.7262622
11.334,0.81979,0.491354147,1.417843603,0.107206509,347.9218196
11.378,0.81213,0.486763005,1.421145825,0.107551413,347.3791638
11.412,0.81979,0.491354147,1.426648244,0.107847717,347.3791638
11.446,0.81213,0.486763005,1.433264261,0.10839897,346.7577818
11.488,0.80449,0.482183849,1.436584834,0.108779526,346.1188591
11.532,0.81979,0.491354147,1.439910928,0.10905302,345.8254744
11.576,0.81213,0.486763005,1.445453668,0.109573529,345.1378737
11.62,0.81213,0.486763005,1.449903605,0.109979966,344.6283319
11.665,0.80449,0.482183849,1.455474145,0.110524953,343.8854862
11.708,0.81213,0.486763005,1.459936216,0.110969069,343.2742049
11.752,0.79687,0.477616682,1.463285284,0.11154604,342.0709521
11.796,0.78926,0.473055507,1.467764835,0.112305306,340.5201365
11.84,0.80449,0.482183849,1.47335743,0.112938775,339.5583551
11.884,0.80449,0.482183849,1.475602098,0.113335647,338.7492848
11.928,0.78926,0.473055507,1.481231471,0.113855677,338.1525204
11.972,0.79687,0.477616682,1.486861902,0.114395487,337.5056605
12.016,0.78926,0.473055507,1.494753663,0.11507958,336.8258054
12.06,0.78926,0.473055507,1.499281951,0.115486453,336.3999231
12.104,0.78926,0.473055507,1.506095162,0.115805209,336.6187531
12.148,0.78926,0.473055507,1.510640227,0.11600736,336.7966836
12.192,0.77411,0.463975114,1.514051307,0.116387262,336.2703709
12.236,0.78926,0.473055507,1.519762968,0.116653567,336.462218
12.28,0.78167,0.46850632,1.526629789,0.116990517,336.6470231
12.324,0.77411,0.463975114,1.531209684,0.116920203,337.621728
12.368,0.75902,0.454930683,1.536956943,0.117041234,338.2431874
12.412,0.77411,0.463975114,1.541560575,0.117013053,339.1043068
12.456,0.76655,0.459443908,1.549611911,0.117033392,340.4130108
12.5,0.76655,0.459443908,1.555397025,0.116648142,342.5266265
12.544,0.76655,0.459443908,1.561198922,0.116894898,342.7965747
12.588,0.76655,0.459443908,1.563522861,0.116538608,344.2443651
12.633,0.75902,0.454930683,1.57050783,0.115834213,347.5494294
12.676,0.75902,0.454930683,1.575177033,0.115948776,348.0175695
12.72,0.75902,0.454930683,1.581008699,0.115640161,349.9652963
12.764,0.75902,0.454930683,1.584506223,0.114865185,352.9431265
12.798,0.73654,0.441456939,1.590365195,0.115022962,353.4930338
12.841,0.75151,0.450429446,1.595057561,0.114733469,355.2173881
12.875,0.75151,0.450429446,1.599760962,0.114674079,356.2381363
12.919,0.75902,0.454930683,1.604475449,0.114296885,358.2572703
12.963,0.74401,0.445934202,1.610377526,0.114011289,360.2161444
13.007,0.75151,0.450429446,1.613926834,0.113678157,361.9134531
13.052,0.73654,0.441456939,1.618663785,0.112730836,365.820164
13.095,0.73654,0.441456939,1.624593645,0.113002824,366.023292
13.139,0.73654,0.441456939,1.629355957,0.112736369,367.7630564
13.183,0.73654,0.441456939,1.631730211,0.112549048,368.8127107
13.227,0.73654,0.441456939,1.63649838,0.112458527,369.9906162
13.271,0.73654,0.441456939,1.641277944,0.112508333,370.7116883
13.317,0.72908,0.436985669,1.647275335,0.112228595,372.7518086
13.361,0.73654,0.441456939,1.650873084,0.112123006,373.7746081
13.403,0.72908,0.436985669,1.656886444,0.112616795,373.256301
13.447,0.72164,0.432526387,1.659293626,0.112473932,374.1804973
13.491,0.72908,0.436985669,1.662906602,0.112372041,375.1969548
13.535,0.72164,0.432526387,1.666526116,0.112248447,376.2904515
13.579,0.72164,0.432526387,1.671355301,0.112229958,377.262278
13.623,0.72164,0.432526387,1.674990151,0.112311619,377.673744
13.668,0.72164,0.432526387,1.679839841,0.112411705,378.2535779
13.712,0.72164,0.432526387,1.684689858,0.112462488,379.0007408
13.755,0.71421,0.428073099,1.689563154,0.112693484,379.1465971
13.8,0.72164,0.432526387,1.696858372,0.112926328,379.7474785
13.843,0.71421,0.428073099,1.700521761,0.113085356,379.908693
13.887,0.71421,0.428073099,1.706640152,0.113228549,380.5907673
13.931,0.70681,0.423637791,1.711542403,0.113495383,380.6278023
13.975,0.71421,0.428073099,1.7164567,0.113827867,380.4496866
14.019,0.70681,0.423637791,1.722609093,0.114287229,380.0879487
14.063,0.69942,0.419208477,1.72878047,0.114616944,380.1658267
14.1,0.70681,0.423637791,1.73373736,0.115100901,379.5067934
14.14,0.68471,0.410391805,1.738693109,0.115434824,379.3477898
14.184,0.69942,0.419208477,1.744914394,0.115833083,379.2212994
14.228,0.69206,0.414797145,1.751138167,0.116307991,378.8499713
14.272,0.69206,0.414797145,1.756137275,0.116837484,378.0769149
14.316,0.69206,0.414797145,1.759890574,0.117206857,377.5933659
14.35,0.68471,0.410391805,1.766161199,0.117574913,377.5933659
14.393,0.68471,0.410391805,1.772437862,0.118076038,377.1726653
14.437,0.69206,0.414797145,1.776211622,0.118488702,376.5689447
14.481,0.68471,0.410391805,1.782519955,0.119094473,375.8371225
14.525,0.68471,0.410391805,1.785040263,0.119587155,374.760685
14.569,0.67738,0.405998454,1.790100782,0.120358041,373.3037275
14.613,0.68471,0.410391805,1.793901133,0.120956806,372.1622875
14.657,0.68471,0.410391805,1.800234376,0.121715483,371.0155346
14.701,0.67738,0.405998454,1.805321363,0.122316188,370.1336824
14.745,0.67006,0.401611095,1.80914032,0.122798266,369.3852823
14.789,0.67738,0.405998454,1.814237811,0.123247456,368.9782476
14.833,0.67006,0.401611095,1.819360586,0.123714489,368.5280574
14.877,0.67006,0.401611095,1.824484226,0.124133747,368.2254849
14.921,0.67006,0.401611095,1.829621026,0.124579265,367.8522244
14.965,0.67006,0.401611095,1.833477893,0.125050151,367.1744379
15.009,0.65549,0.392878335,1.83992199,0.125750089,366.3090703
15.053,0.66277,0.397241718,1.846386917,0.126334162,365.7960515
15.097,0.66277,0.397241718,1.851567896,0.126789732,365.427113
15.141,0.65549,0.392878335,1.854162536,0.127099594,365.0094503
15.185,0.66277,0.397241718,1.860657645,0.127746206,364.3431885
15.229,0.65549,0.392878335,1.865861434,0.128306158,363.6982013
15.273,0.65549,0.392878335,1.871078798,0.128710694,363.502129
15.317,0.65549,0.392878335,1.876309808,0.12908142,363.4073916
15.351,0.64823,0.388526938,1.885462282,0.129496545,363.903926
15.394,0.64823,0.388526938,1.889397629,0.129725877,363.9760926
15.439,0.64823,0.388526938,1.894664107,0.130173433,363.6810873
15.482,0.65549,0.392878335,1.901257643,0.130587637,363.7246886
15.526,0.64099,0.38418753,1.906540852,0.131044017,363.4167005
15.57,0.64099,0.38418753,1.915809155,0.131718097,363.2362787
15.614,0.64099,0.38418753,1.922456294,0.132281329,362.8937771
15.658,0.64099,0.38418753,1.929125598,0.132724365,362.8905321
15.706,0.61938,0.371235233,1.937146716,0.133172515,363.1227475
15.746,0.63377,0.379860108,1.942512676,0.133260714,363.8573253
15.79,0.63377,0.379860108,1.947893071,0.133388999,364.4866152
15.834,0.62657,0.375544674,1.95328798,0.133626383,364.8218772
15.878,0.62657,0.375544674,1.96006107,0.133839259,365.4772279
15.922,0.61222,0.366943773,1.965473875,0.133917847,366.2526398
15.966,0.61938,0.371235233,1.972252512,0.134037891,367.1669628
16.017,0.61938,0.371235233,1.979054203,0.134124079,368.1810208
16.054,0.61222,0.366943773,1.987236599,0.134404091,368.9202096
16.098,0.61938,0.371235233,1.989963892,0.134190459,370.0117555
16.142,0.61938,0.371235233,1.995444959,0.134187405,371.0356202
16.186,0.61938,0.371235233,2.002308848,0.134379211,371.7797623
16.23,0.61938,0.371235233,2.007810429,0.134630448,372.1081629
16.274,0.61222,0.366943773,2.013327184,0.134673195,373.0175541
16.318,0.60507,0.362658308,2.016084517,0.134545183,373.8875704
16.362,0.60507,0.362658308,2.020231528,0.134452076,374.9230858
16.406,0.59794,0.358384829,2.025767167,0.134464699,375.9269477
16.451,0.60507,0.362658308,2.029924597,0.13439408,376.9071521
16.494,0.60507,0.362658308,2.035487168,0.134517861,377.6091096
16.538,0.59794,0.358384829,2.041065252,0.134672652,378.2285147
16.582,0.59794,0.358384829,2.048052445,0.134800669,379.1917511
16.628,0.59794,0.358384829,2.055064134,0.134931592,380.1542532
16.67,0.59794,0.358384829,2.06068531,0.13491753,381.2639482
16.706,0.59794,0.358384829,2.066306478,0.135082252,381.8708005
16.747,0.59083,0.354123338,2.0705392,0.135282333,382.1138515
16.791,0.59083,0.354123338,2.07476896,0.135444087,382.4655277
16.835,0.59083,0.354123338,2.080429908,0.135872714,382.3396654
16.879,0.59083,0.354123338,2.088930446,0.136567422,382.0149548
16.923,0.58373,0.34986784,2.09461761,0.137034731,381.7963524
16.967,0.58373,0.34986784,2.100320992,0.137543055,381.4716214
17.012,0.58373,0.34986784,2.106040685,0.138096257,381.0316129
17.055,0.57666,0.345630323,2.111776782,0.138691309,380.486495
17.099,0.58373,0.34986784,2.1203895,0.139932319,378.7395761
17.143,0.57666,0.345630323,2.126152667,0.141034823,376.8632754
17.187,0.57666,0.345630323,2.131932489,0.142302854,374.586085
17.231,0.56256,0.337179264,2.139171074,0.143545415,372.6900198
17.269,0.5696,0.3413988,2.146435953,0.144749055,370.9359276
17.309,0.5696,0.3413988,2.153706618,0.145557296,370.2196468
17.353,0.5696,0.3413988,2.15955013,0.146695804,368.4212337
17.397,0.5696,0.3413988,2.165410764,0.147787454,366.7730346
17.441,0.55554,0.332971716,2.171274006,0.148901941,365.0966044
17.485,0.56256,0.337179264,2.178635697,0.150156664,363.3809118
17.529,0.56256,0.337179264,2.186007756,0.15119993,362.2062624
17.573,0.55554,0.332971716,2.191931782,0.151995284,361.379754
17.619,0.55554,0.332971716,2.19636943,0.152548149,360.8698602
17.661,0.54854,0.328776155,2.202309428,0.152860849,361.2028263
17.705,0.55554,0.332971716,2.20826712,0.153226616,361.4156
17.749,0.55554,0.332971716,2.214242612,0.153341141,362.2262951
17.793,0.54854,0.328776155,2.221725928,0.153953511,362.1379588
17.837,0.54854,0.328776155,2.226217376,0.153897921,363.0832381
17.881,0.54155,0.324586587,2.233726327,0.153968023,364.2830531
17.925,0.54854,0.328776155,2.241263577,0.153976529,365.6382888
17.969,0.54155,0.324586587,2.247306087,0.153890303,366.9501375
18.013,0.54155,0.324586587,2.25487519,0.154091899,367.8596131
18.057,0.54155,0.324586587,2.26094374,0.154260348,368.5745816
18.101,0.54155,0.324586587,2.268564731,0.154712765,368.8997971
18.136,0.53459,0.320415001,2.276214872,0.155137558,369.2995844
18.178,0.53459,0.320415001,2.283874507,0.155721179,369.3272533
18.222,0.52764,0.316249408,2.296143702,0.156501974,369.7459646
18.266,0.52764,0.316249408,2.302321133,0.157062712,369.5656348
18.3,0.52764,0.316249408,2.308535595,0.157436847,369.8347735
18.343,0.52071,0.312095803,2.314751479,0.157930078,369.8273605
18.387,0.52071,0.312095803,2.320986742,0.158378657,369.9314069
18.431,0.52071,0.312095803,2.328799785,0.159006785,369.9123102
18.475,0.52071,0.312095803,2.335079069,0.159556296,369.7975453
18.519,0.5138,0.307954184,2.342926989,0.16024048,369.6663213
18.53,0.49317,0.295589267,2.34923716,0.160759232,369.6378513
18.574,0.5138,0.307954184,2.353976596,0.16109562,369.7411455
18.618,0.52071,0.312095803,2.35872729,0.161521745,369.6426847
18.665,0.5138,0.307954184,2.363489295,0.161876574,369.711676
18.706,0.5138,0.307954184,2.368248841,0.162075396,370.1379395
18.75,0.5069,0.30381856,2.374604866,0.162057265,371.3576561
18.79,0.5138,0.307954184,2.379390969,0.161709303,373.0483898
18.827,0.50003,0.299700916,2.38578256,0.161580758,374.5402111
18.861,0.5069,0.30381856,2.390583869,0.161256076,376.1963652
18.904,0.5069,0.30381856,2.390583869,0.160485532,378.0026092
18.938,0.5069,0.30381856,2.395396731,0.16020022,379.5881747
18.972,0.5069,0.30381856,2.401839761,0.159813035,381.7356047
19.014,0.50003,0.299700916,2.409891085,0.159781838,383.3502751
19.058,0.49317,0.295589267,2.417974953,0.159730499,385.0265996
19.102,0.50003,0.299700916,2.427676669,0.159743308,386.867822
19.146,0.49317,0.295589267,2.43907225,0.16007349,388.2758575
19.181,0.49317,0.295589267,2.44560507,0.159949041,389.8492882
19.223,0.49317,0.295589267,2.45217612,0.159849655,391.3754384
19.267,0.49317,0.295589267,2.460408947,0.160091756,392.3955185
19.303,0.49317,0.295589267,2.467028897,0.160230118,393.3565234
19.344,0.47951,0.287401929,2.47532322,0.16082867,393.5211948
19.388,0.47951,0.287401929,2.481975729,0.161241804,393.8206858
19.423,0.46593,0.27926254,2.488630862,0.161768885,393.8458973
19.465,0.46593,0.27926254,2.495327857,0.162556014,393.2534221
19.509,0.47271,0.283326241,2.502027644,0.163238924,392.922292
19.553,0.47951,0.287401929,2.508749949,0.163875425,392.7139159
19.587,0.47271,0.283326241,2.515494926,0.164476895,392.5996196
19.63,0.47951,0.287401929,2.522262727,0.16508012,392.4909152
19.674,0.47271,0.283326241,2.530744814,0.166211998,391.4748592
19.718,0.47271,0.283326241,2.535837355,0.167003806,390.6121137
19.762,0.46593,0.27926254,2.540942896,0.167676205,390.0401313
19.797,0.47271,0.283326241,2.542644291,0.167982999,389.6591279
19.839,0.46593,0.27926254,2.546046393,0.168311739,389.5601586
19.883,0.46593,0.27926254,2.551165471,0.168551984,390.0018484
19.917,0.46593,0.27926254,2.559723111,0.168976229,390.6908038
19.96,0.46593,0.27926254,2.566586526,0.16948289,390.8618766
20.004,0.45916,0.275204833,2.575210548,0.170169338,390.9674003
20.048,0.45916,0.275204833,2.580404917,0.170194143,391.9270062
20.086,0.45916,0.275204833,2.590790521,0.17061927,392.9858624
20.125,0.45916,0.275204833,2.596010073,0.170640034,393.9648611
20.169,0.45241,0.271159114,2.60299937,0.170765014,395.0546927
20.213,0.45241,0.271159114,2.613474624,0.171207161,396.1036741
20.257,0.44569,0.267131375,2.62050703,0.171605883,396.5753281
20.301,0.44569,0.267131375,2.627564252,0.172412368,396.1155601
20.345,0.44569,0.267131375,2.636411061,0.173221686,396.0127037
20.393,0.45241,0.271159114,2.643506215,0.173971869,395.7063712
20.424,0.43228,0.259093879,2.65062663,0.174495314,395.9264199
20.466,0.44569,0.267131375,2.657772485,0.175223883,395.6914386
20.51,0.44569,0.267131375,2.666727483,0.176392083,394.8347959
20.543,0.42561,0.255096108,2.675698573,0.17706085,395.1118082
20.587,0.43898,0.26310963,2.682913161,0.178136383,394.1454811
20.631,0.43898,0.26310963,2.690137628,0.179226763,393.1652224
20.675,0.43228,0.259093879,2.693770517,0.180247006,391.650575
20.719,0.43228,0.259093879,2.704643515,0.181750825,390.5273715
20.765,0.43228,0.259093879,2.713786695,0.183161657,389.2949063
20.807,0.43228,0.259093879,2.721079774,0.184304062,388.2952244
20.851,0.42561,0.255096108,2.730276485,0.185391226,387.7973349
20.895,0.41895,0.251104332,2.737674402,0.186251758,387.4360736
20.939,0.42561,0.255096108,2.741364209,0.18632668,387.9954382
20.983,0.41895,0.251104332,2.74878382,0.186507192,389.06058
21.017,0.43228,0.259093879,2.756231058,0.186912999,389.6641535
21.027,0.4057,0.243162734,2.763680858,0.187210951,390.4958431
21.075,0.41895,0.251104332,2.771158512,0.187286065,391.8013714
21.115,0.4057,0.243162734,2.778664229,0.187549663,392.7217682
21.164,0.41231,0.247124542,2.788076211,0.187922808,393.7907915
21.204,0.41895,0.251104332,2.795628688,0.187941608,395.241109
21.247,0.41231,0.247124542,2.801303237,0.188182793,395.8561079
21.291,0.41231,0.247124542,2.808905923,0.188481132,396.7347866
21.328,0.41231,0.247124542,2.818406814,0.18897693,397.5781117
21.368,0.4057,0.243162734,2.829917125,0.18978812,398.1636998
21.412,0.4057,0.243162734,2.833749275,0.1897818,398.9406272
21.457,0.4057,0.243162734,2.843369205,0.190369378,399.626868
21.5,0.39909,0.239200925,2.847227243,0.190533332,400.0539559
21.544,0.39909,0.239200925,2.8568859,0.191330393,400.3159724
21.597,0.39909,0.239200925,2.866618036,0.192160539,400.530858
21.633,0.39909,0.239200925,2.874426114,0.193032516,400.2812243
21.649,0.38595,0.231325258,2.882264795,0.193790561,400.2812243
21.688,0.39251,0.235257098,2.890134319,0.194792223,399.7928939
21.732,0.39251,0.235257098,2.898016912,0.196101086,398.6927793
21.776,0.38595,0.231325258,2.907900463,0.197415127,398.000967
21.82,0.39251,0.235257098,2.915853529,0.198248938,397.9061683
21.842,0.3794,0.227399411,2.921828515,0.198842091,397.9061683
21.886,0.38595,0.231325258,2.927821405,0.199707271,397.3712604
21.93,0.38595,0.231325258,2.933832307,0.200571517,396.8499439
21.974,0.38595,0.231325258,2.943864166,0.20177456,396.4674743
22.018,0.38595,0.231325258,2.947887346,0.202392195,396.0534806
22.062,0.3794,0.227399411,2.955954977,0.203232314,396.0104965
22.097,0.37287,0.223485552,2.962035656,0.203860871,395.9916124
22.146,0.3794,0.227399411,2.970138884,0.20465144,396.0633448
22.183,0.3794,0.227399411,2.982352486,0.206323086,395.2608317
22.227,0.3794,0.227399411,2.988479516,0.207141343,394.9074119
22.272,0.3794,0.227399411,2.996690817,0.20803223,394.8339689
22.293,0.36636,0.21958368,3.00493597,0.209038289,394.5569574
22.337,0.37287,0.223485552,3.013215255,0.209919282,394.5309131
22.381,0.36636,0.21958368,3.023596803,0.210838125,394.8558257
22.425,0.37287,0.223485552,3.031928172,0.211677654,394.9315371
22.471,0.35987,0.215693796,3.040271821,0.212714882,394.6487705
22.513,0.3534,0.211815899,3.050765968,0.214054186,394.2427178
22.557,0.35987,0.215693796,3.061315469,0.215411012,393.8313629
22.601,0.35987,0.215693796,3.074028432,0.216898712,393.6242188
22.646,0.35987,0.215693796,3.086822722,0.218306072,393.5964871
22.689,0.35987,0.215693796,3.095372536,0.219362087,393.379775
22.735,0.3534,0.211815899,3.103985686,0.221046225,392.0674764
22.769,0.3534,0.211815899,3.112609344,0.222032183,392.0131132
22.811,0.34694,0.207943995,3.123457437,0.224271035,390.2105167
22.854,0.34694,0.207943995,3.134303857,0.226305245,388.8058637
22.888,0.34694,0.207943995,3.140840734,0.227744627,387.6133728
22.931,0.34051,0.204090073,3.151782097,0.230019963,385.8844235
22.975,0.34051,0.204090073,3.160590817,0.232654591,383.1986232
23.019,0.34051,0.204090073,3.169438506,0.234601273,381.7037739
23.063,0.34694,0.207943995,3.17832551,0.23641454,380.4629967
23.108,0.34051,0.204090073,3.185008108,0.238315308,378.6916898
23.151,0.34051,0.204090073,3.196166581,0.240013997,378.115235
23.173,0.32769,0.196406202,3.205124396,0.241091409,378.115235
23.217,0.33409,0.200242144,3.21859802,0.242715825,378.1234214
23.261,0.32769,0.196406202,3.227657098,0.243653708,378.3779322
23.305,0.33409,0.200242144,3.23447133,0.243883235,379.3119899
23.349,0.33409,0.200242144,3.241308859,0.244178832,380.1502283
23.393,0.33409,0.200242144,3.250446557,0.2442939,381.7111715
23.437,0.33409,0.200242144,3.259651384,0.243912763,384.0712254
23.47,0.3213,0.192576254,3.271170266,0.244449779,385.4410279
23.514,0.3213,0.192576254,3.282755874,0.244974696,386.8495936
23.558,0.30859,0.184958314,3.289720596,0.244794107,388.485474
23.602,0.3213,0.192576254,3.306012546,0.245700853,390.2175787
23.646,0.3213,0.192576254,3.313058873,0.245477807,391.9506145
23.69,0.3213,0.192576254,3.327200389,0.246279137,393.4474668
23.734,0.31494,0.188764287,3.3390787,0.246916185,394.7700163
23.778,0.3213,0.192576254,3.353406063,0.247970488,395.9176549
23.811,0.30859,0.184958314,3.367836803,0.248868329,397.3459851
23.855,0.30859,0.184958314,3.377484936,0.248948132,399.1394497
23.899,0.30859,0.184958314,3.387179838,0.248701504,401.4766919
23.91,0.28967,0.173618312,3.394449262,0.249607107,401.4766919
23.954,0.30859,0.184958314,3.404226949,0.250301991,402.3242188
23.976,0.29596,0.177388323,3.416499152,0.251329485,403.145591
24.02,0.30227,0.181170322,3.428847123,0.252248197,404.1649172
24.064,0.29596,0.177388323,3.438767306,0.252885413,405.1511211
24.108,0.29596,0.177388323,3.451253961,0.253735195,406.3231397
24.145,0.29596,0.177388323,3.458760491,0.254329261,406.8983799
24.185,0.29596,0.177388323,3.473798531,0.255756319,407.6818577
24.229,0.28967,0.173618312,3.481390318,0.255756189,409.232524
24.273,0.29596,0.177388323,3.486433979,0.254484829,412.3154555
24.317,0.28967,0.173618312,3.496616334,0.253367427,416.2476547
24.361,0.28967,0.173618312,3.501714833,0.25309631,417.757151
24.405,0.28967,0.173618312,3.509397228,0.253055463,419.4326166
24.449,0.28967,0.173618312,3.519640099,0.253106987,421.5004037
24.493,0.28967,0.173618312,3.52736711,0.252490477,424.1651897
24.506,0.2709,0.162368214,3.53512409,0.253471661,424.1651897
24.548,0.28967,0.173618312,3.542911273,0.253515416,425.7464415
24.592,0.27714,0.166108257,3.553294342,0.253771876,427.5299698
24.636,0.28339,0.169854294,3.563765111,0.254180755,429.082782
24.68,0.28339,0.169854294,3.57686999,0.25507408,430.3909322
24.724,0.28339,0.169854294,3.587431333,0.255278733,432.3228318
24.746,0.2709,0.162368214,3.595403998,0.255691634,433.3487333
24.79,0.27714,0.166108257,3.60606393,0.256217091,434.7711605
24.834,0.27714,0.166108257,3.616780985,0.257042248,435.7039461
24.878,0.27714,0.166108257,3.622126618,0.257088247,436.791894
24.911,0.26469,0.158646152,3.635620853,0.258155425,437.9310852
24.955,0.2709,0.162368214,3.643736026,0.259099471,438.1095193
24.966,0.25849,0.154930084,3.654622345,0.261198313,436.9611071
25.01,0.26469,0.158646152,3.668298658,0.263055255,436.853624
25.054,0.2709,0.162368214,3.679319871,0.265498684,435.2249427
25.098,0.26469,0.158646152,3.690339673,0.267988867,433.5631043
25.142,0.26469,0.158646152,3.701456432,0.271116053,430.950918
25.186,0.25849,0.154930084,3.712635328,0.274447872,428.1053373
25.23,0.25849,0.154930084,3.723877058,0.278680331,423.979934
25.274,0.25849,0.154930084,3.735113874,0.282135739,421.1468548
25.318,0.25849,0.154930084,3.746446309,0.286451386,417.1589282
25.362,0.2523,0.151220009,3.749289479,0.289429513,413.4538537
25.406,0.25849,0.154930084,3.757834089,0.291669917,412.0345733
25.417,0.24614,0.147527915,3.769296367,0.293346317,412.0345733
25.461,0.2523,0.151220009,3.78079203,0.296097609,410.5590689
25.505,0.2523,0.151220009,3.792354149,0.299734557,407.9288453
25.549,0.2523,0.151220009,3.803950433,0.302110393,407.074284
25.56,0.24,0.143847809,3.815614345,0.303877435,407.074284
25.604,0.24614,0.147527915,3.833186031,0.307615054,405.6768051
25.648,0.2523,0.151220009,3.845022205,0.306990173,408.9154138
25.692,0.24614,0.147527915,3.85689004,0.306317839,412.2519637
25.736,0.24614,0.147527915,3.871851435,0.306557755,415.0224037
25.78,0.24,0.143847809,3.880853818,0.305890883,417.8035805
25.824,0.24,0.143847809,3.898951347,0.306976255,420.1106935
25.868,0.23387,0.140173696,3.911144538,0.307515888,421.9380368
25.912,0.23387,0.140173696,3.926468711,0.308683881,423.5745778
25.956,0.22167,0.132861433,3.935695675,0.308866904,425.2810913
26,0.23387,0.140173696,3.948080117,0.308795424,428.0217521
26.044,0.22776,0.136511571,3.973004356,0.310504523,431.0036971
26.088,0.22776,0.136511571,3.988765188,0.311174866,433.4777757
26.132,0.22776,0.136511571,4.010975106,0.314171767,434.1372144
26.176,0.2156,0.129223282,4.026991708,0.316225162,434.786155
26.22,0.22776,0.136511571,4.04635583,0.318923169,435.302264
26.264,0.22167,0.132861433,4.062611076,0.321172506,435.7811265
26.308,0.22167,0.132861433,4.078999522,0.323582028,436.0949833
26.352,0.22167,0.132861433,4.092148735,0.32574365,436.0585841
26.374,0.20351,0.121976948,4.112096701,0.328792234,436.345894
26.418,0.2156,0.129223282,4.128847417,0.330818849,437.3202321
26.473,0.20351,0.121976948,4.145739612,0.333376873,437.6454745
26.724,0.20955,0.125597118,4.162775696,0.326373074,450.861266
26.758,0.20351,0.121976948,4.173037897,0.327189354,452.0500202
26.802,0.20351,0.121976948,4.193750333,0.329768575,453.1834462
26.846,0.20351,0.121976948,4.20767876,0.331507938,453.9561388
26.89,0.19749,0.118368766,4.225200579,0.333896649,454.6744813
26.934,0.19749,0.118368766,4.246398421,0.336592007,455.8394349
26.978,0.19749,0.118368766,4.260569119,0.33826162,456.8147268
27.022,0.19749,0.118368766,4.274930608,0.339850923,457.9551256
27.066,0.19749,0.118368766,4.285720222,0.341050119,458.8134153
27.113,0.19749,0.118368766,4.300221738,0.342544738,460.1357496
27.121,0.19149,0.114772571,4.318406114,0.345673421,460.1357496
27.165,0.19749,0.118368766,4.325763204,0.345515112,462.0431005
27.176,0.19149,0.114772571,4.336831335,0.346374322,463.4546697
27.198,0.18551,0.111188363,4.347923856,0.348300741,463.4546697
27.209,0.17955,0.107616142,4.355365645,0.349402989,463.7148555
27.253,0.19149,0.114772571,4.362835226,0.349766688,464.9659805
27.275,0.18551,0.111188363,4.374073322,0.351871507,464.7890033
27.319,0.18551,0.111188363,4.389131042,0.354858101,464.3601715
27.33,0.17361,0.104055909,4.40430299,0.357630006,464.2696401
27.374,0.19149,0.114772571,4.411932343,0.359892334,463.1144497
27.385,0.18551,0.111188363,4.42727892,0.362993271,462.6950142
27.407,0.17955,0.107616142,4.438847163,0.366117669,461.4075717
27.451,0.18551,0.111188363,4.450450075,0.369720815,459.5693377
27.495,0.18551,0.111188363,4.454330539,0.371684889,458.0286808
27.506,0.17955,0.107616142,4.473859814,0.378290073,454.4471271
27.539,0.17361,0.104055909,4.481733189,0.379912718,454.2910235
27.583,0.17361,0.104055909,4.493588336,0.385414212,450.4686543
27.627,0.17955,0.107616142,4.493588336,0.385706892,450.1268313
27.638,0.17361,0.104055909,4.509529957,0.388655012,450.2873098
27.684,0.17361,0.104055909,4.525552233,0.392733946,449.1948115
27.715,0.16768,0.100501669,4.533611764,0.397840837,445.2192335
27.749,0.17361,0.104055909,4.549828918,0.401791427,444.4307731
27.759,0.16177,0.096959417,4.566178646,0.405089479,444.4307731
27.803,0.17361,0.104055909,4.574403906,0.407413781,443.7163823
27.825,0.16768,0.100501669,4.582642216,0.409095443,443.7163823
27.869,0.17361,0.104055909,4.599165103,0.41134823,444.9470903
27.88,0.16768,0.100501669,4.611704063,0.413935271,444.9470903
27.891,0.16177,0.096959417,4.620097786,0.415083281,445.5826152
27.935,0.16768,0.100501669,4.632733345,0.417336465,445.9856889
27.948,0.16177,0.096959417,4.645406073,0.420275898,445.6815124
27.987,0.16177,0.096959417,4.658203056,0.422603191,446.0722034
28.023,0.16768,0.100501669,4.666736464,0.424269258,446.2203526
28.045,0.16177,0.096959417,4.679671105,0.427167785,446.0681018
28.078,0.15001,0.089910874,4.692645743,0.429823513,446.1972593
28.122,0.16177,0.096959417,4.714458956,0.434802361,445.9250332
28.166,0.16177,0.096959417,4.727662001,0.437345238,446.2686195
28.177,0.15588,0.093429152,4.732082457,0.438312939,446.2686195
28.221,0.15001,0.089910874,4.745402748,0.439925228,447.6042877
28.265,0.15588,0.093429152,4.75431729,0.442246308,447.2441388
28.289,0.15001,0.089910874,4.767741105,0.444698201,447.7735601
28.331,0.15588,0.093429152,4.781301832,0.447790338,447.7068862
28.342,0.15001,0.089910874,4.799441546,0.452145852,447.4339466
28.375,0.14416,0.086404584,4.813086664,0.455039812,447.6319588
28.409,0.15001,0.089910874,4.826912173,0.448547284,457.2612729
28.452,0.15588,0.093429152,4.850097486,0.450115134,460.9816773
28.463,0.15001,0.089910874,4.859460208,0.452345989,460.8606465
28.507,0.15001,0.089910874,4.868842831,0.45111568,464.2905628
28.529,0.14416,0.086404584,4.887733048,0.451898327,467.8848728
28.573,0.15001,0.089910874,4.897249568,0.451561096,470.4675841
28.584,0.13832,0.082904287,4.916411303,0.455876788,470.5000368
28.617,0.13251,0.079421972,4.930881232,0.455767747,474.0298151
28.661,0.14416,0.086404584,4.950252186,0.457457454,476.8753648
28.672,0.13251,0.079421972,4.964969946,0.458255256,479.5612262
28.726,0.14416,0.086404584,4.979847841,0.457540132,483.8970983
28.749,0.13832,0.082904287,5.004732213,0.461739643,485.4993142
28.76,0.13251,0.079421972,5.019857936,0.463718464,487.0975035
28.804,0.13832,0.082904287,5.035055213,0.463413423,491.135956
28.815,0.13251,0.079421972,5.055529009,0.468181704,491.135956
28.859,0.13251,0.079421972,5.070947427,0.468028895,495.0984523
28.87,0.12093,0.072481315,5.070947427,0.466670799,496.5392778
28.914,0.13251,0.079421972,5.086539452,0.468065542,498.9342635
28.958,0.13832,0.082904287,5.096953988,0.467292608,502.3687043
28.969,0.12093,0.072481315,5.123266634,0.472920331,502.9643701
29.013,0.13251,0.079421972,5.144530092,0.474592601,506.5490957
29.027,0.12671,0.07594565,5.155251844,0.475615516,508.1766332
29.068,0.12671,0.07594565,5.176859952,0.478855964,510.2205502
29.09,0.12093,0.072481315,5.193199343,0.481924805,511.1302928
29.134,0.13251,0.079421972,5.209673321,0.484736623,512.3684117
29.156,0.12671,0.07594565,5.220683884,0.486419869,513.4140939
29.167,0.12093,0.072481315,5.242956441,0.490687391,514.6483904
29.222,0.11517,0.069028967,5.265538687,0.495626117,515.3057706
29.47,0.11517,0.069028967,5.276862024,0.492785792,521.2185254
29.504,0.12093,0.072481315,5.299772714,0.497730467,521.98592
29.515,0.11517,0.069028967,5.322868134,0.503511429,521.98592
29.559,0.11517,0.069028967,5.346233372,0.507619601,523.8457619
29.603,0.11517,0.069028967,5.358024295,0.511312498,523.1374075
29.636,0.10942,0.065582614,5.387845854,0.518223425,523.9149768
29.68,0.10942,0.065582614,5.411987343,0.522991839,525.4425022
29.724,0.11517,0.069028967,5.430257346,0.527643804,525.5893414
29.746,0.10942,0.065582614,5.448642032,0.533418492,524.7005372
29.78,0.10942,0.065582614,5.467197285,0.538688227,524.4104215
29.79,0.1037,0.062154241,5.485981065,0.54377136,524.4104215
29.834,0.1037,0.062154241,5.504887647,0.551314108,522.1485187
29.878,0.10942,0.065582614,5.523974666,0.557875169,520.9557291
29.9,0.1037,0.062154241,5.549669267,0.565759169,520.3382601
29.944,0.1037,0.062154241,5.562635737,0.573807439,516.3769165
29.988,0.1037,0.062154241,5.582215705,0.581813991,514.2811066
29.999,0.09799,0.058731862,5.608674591,0.590931063,513.0898041
30.043,0.09799,0.058731862,5.635393787,0.600944127,511.3262737
30.087,0.1037,0.062154241,5.648930038,0.606406503,510.1615385
30.098,0.09799,0.058731862,5.662522636,0.612750827,508.3224055
30.142,0.09799,0.058731862,5.683050067,0.621927402,505.9888437
30.153,0.0923,0.05532147,5.710788648,0.633711158,503.5152591
30.197,0.09799,0.058731862,5.731820139,0.643549522,501.0590939
30.219,0.0923,0.05532147,5.760160392,0.657282298,497.5915447
30.263,0.0923,0.05532147,5.781720368,0.672959969,491.2667676
30.285,0.08663,0.051923065,5.803438271,0.677852439,493.0459969
30.329,0.09799,0.058731862,5.825394598,0.688121444,491.0494897
30.34,0.0923,0.05532147,5.855102452,0.69841904,491.0494897
30.362,0.08663,0.051923065,5.870123513,0.70204343,492.1971982
30.406,0.08663,0.051923065,5.892828505,0.70780455,493.7647618
30.45,0.08663,0.051923065,5.915712745,0.72042702,490.6962055
30.472,0.08098,0.048536648,5.954458662,0.732544298,492.0195613
30.516,0.08663,0.051923065,5.978063301,0.738566573,493.8013763
30.527,0.08098,0.048536648,5.993984175,0.744469349,493.8013763
30.571,0.08098,0.048536648,6.009975868,0.750120336,494.0156758
30.615,0.08098,0.048536648,6.05061078,0.762576509,495.920437
30.659,0.08663,0.051923065,6.075385189,0.771547599,496.263574
30.681,0.08098,0.048536648,6.100395874,0.781256647,496.263574
30.725,0.07535,0.045162218,6.125723292,0.789727136,497.1973921
30.736,0.06973,0.041793782,6.151375566,0.800676645,496.7284826
30.78,0.07535,0.045162218,6.168636033,0.80673896,497.2688507
30.824,0.08098,0.048536648,6.203610383,0.821354422,497.0364866
30.835,0.07535,0.045162218,6.221329615,0.828663637,497.0364866
30.846,0.06973,0.041793782,6.239207238,0.834812551,497.8054641
30.89,0.07535,0.045162218,6.266286473,0.846105729,497.8564921
30.901,0.06973,0.041793782,6.312227506,0.867329646,496.9590316
30.946,0.06973,0.041793782,6.359113093,0.887935474,496.9405631
30.989,0.06973,0.041793782,6.378220543,0.895608884,497.4123818
31.033,0.06973,0.041793782,6.387825968,0.898504967,498.1960661
31.044,0.06413,0.038437333,6.407211054,0.907256107,498.1960661
31.088,0.06973,0.041793782,6.436680834,0.917827112,499.7681708
31.132,0.06973,0.041793782,6.466484048,0.928035241,501.6914421
31.143,0.06413,0.038437333,6.476523959,0.932272371,501.924606
31.165,0.05856,0.035098865,6.506931434,0.946554693,501.924606
31.187,0.05299,0.031760397,6.527419977,0.955378566,502.4093771
31.231,0.06413,0.038437333,6.558523705,0.969136185,503.0399879
31.275,0.06413,0.038437333,6.590118806,0.983308935,503.6839618
31.319,0.06413,0.038437333,6.611482178,0.991254796,505.0121229
31.363,0.06413,0.038437333,6.633017903,1.00090555,505.5573527
31.374,0.05856,0.035098865,6.654846997,1.011889816,505.5573527
31.418,0.06413,0.038437333,6.688014004,1.025483137,507.1976786
31.44,0.05856,0.035098865,6.732864822,1.046173455,508.4418792
31.484,0.05856,0.035098865,6.755693798,1.05740854,508.8144624
31.495,0.05299,0.031760397,6.767175575,1.063712824,508.7109686
31.539,0.05299,0.031760397,6.825615917,1.09445116,509.0837913
31.583,0.05856,0.035098865,6.873699842,1.115777541,511.5043508
31.594,0.05299,0.031760397,6.922968336,1.14360523,511.5043508
31.639,0.05856,0.035098865,6.986218593,1.178048709,512.5035005
31.649,0.05299,0.031760397,7.025161171,1.197814367,513.957064
31.682,0.04193,0.025131411,7.078357709,1.228407484,514.6658889
31.726,0.04745,0.028439911,7.119155174,1.249461571,516.4211165
31.77,0.04745,0.028439911,7.202921418,1.29705036,518.7518589
31.814,0.03642,0.021828905,7.260762713,1.326685527,522.0457813
31.858,0.04193,0.025131411,7.290404002,1.326625449,529.8644493
31.901,0.04193,0.025131411,7.351093626,1.356343419,534.2223163
31.902,0.03642,0.021828905,7.413452932,1.399299941,534.2223163
31.946,0.04193,0.025131411,7.510826535,1.451941242,540.5404632
31.98,0.04193,0.025131411,7.544448947,1.475165117,541.0502857
32.023,0.04193,0.025131411,7.561412681,1.485611098,541.8221535
32.067,0.02546,0.015259855,7.613152934,1.525513127,541.478475
32.111,0.03093,0.018538386,7.702167511,1.59706052,540.7606012
32.155,0.04193,0.025131411,7.720462608,1.610715218,541.1035511
32.166,0.03642,0.021828905,7.757630862,1.640928831,541.1035511
32.21,0.03093,0.018538386,7.8146061,1.687337738,541.4272695
32.221,0.02546,0.015259855,7.853440207,1.718457481,542.0459124
32.265,0.04193,0.025131411,7.953770238,1.800183709,544.0570306
32.276,0.03642,0.021828905,8.016709488,1.857735635,544.0570306
32.307,0.03093,0.018538386,8.103671085,1.937585769,544.8172797
32.342,0.02001,0.011993311,8.148280466,1.978323726,545.6337855
32.386,0.03093,0.018538386,8.171089724,1.996484085,546.872051
32.43,0.03093,0.018538386,8.265196451,2.086121811,548.5887956
32.455,0.02546,0.015259855,8.313964162,2.127076214,551.3067625
32.496,0.02546,0.015259855,8.388999635,2.193015183,555.173181
32.518,0.01458,0.008738754,8.414650365,2.205515567,559.1521182
32.562,0.02546,0.015259855,8.548590181,2.337906039,564.0241644
32.584,0.02001,0.011993311,8.633482601,2.42022569,568.4641115
32.628,0.01458,0.008738754,8.692039062,2.435220171,581.7495553
32.672,0.02546,0.015259855,8.721807309,2.440812838,589.1201889
32.694,0.02001,0.011993311,8.7830486,2.482212791,597.3072046
32.738,0.02546,0.015259855,8.878397763,2.571643962,604.6871347
32.749,0.01458,0.008738754,8.978207263,2.670955521,611.9955606
32.793,0.02001,0.011993311,9.023562913,2.702058046,618.826791
32.826,0.01458,0.008738754,8.99654097,2.637446533,625.4784874
32.87,0.02001,0.011993311,9.050296188,2.673635996,633.8209048
32.914,0.02001,0.011993311,9.066841001,2.668029706,640.4287773
32.936,0.01458,0.008738754,9.035975676,2.627170994,640.4287773
32.98,0.02001,0.011993311,9.109790484,2.696921406,647.3208127
32.991,0.01458,0.008738754,9.138094911,2.693843906,657.2970182
33.035,0.00916,0.005490191,9.245798322,2.769319001,674.7588699
